# delta-factor for adjusted average confidence value: 0.2
# Shown sequences are for the NASS CropScape provided time period 
 
 
FieldID / HRU,Generic LMOD Rotation (GLR) Best Match,LMOD Found Rotation Duration (Year(s)),LMOD Rotation Acronym, Adjusted Average Confidence Value (AACV),Detected NASS Sequence,Rebuilt from LMOD Crop Rotation Sequence,GLR Start Year,Jaro Similarity,Field-Crop,Irrigated Area (%) 2002,Irrigated Area(%) 2007,Irrigated Area (%) 2012,Irrigated Area (%) 2017,State,County,CMZ,Area
29331,Corn:grain;,1,T,1.0,TTTTTTTTTTTTTTTTT,TTTTTTTTTTTTTTTTT,2008,1.0,TRUE,0.0,0.0,0.0,0.0, -IA, -Cerro Gordo, -4,1488380952
