# All results are based on NASS CropScape crops
Field-ID or HRU-ID, NASS CropScape Year, Vegetation or Crop, Confidence-Value(fraction)
29331,2008,Corn,0.464
29331,2008,Soybeans,0.263
29331,2008,Developed/Open Space,0.032
29331,2008,Grass/Pasture,0.02
29331,2008,Developed/Low Intensity,0.018
29331,2008,Deciduous Forest,0.011
29331,2008,Open Water,0.011
29331,2008,Developed/Med Intensity,0.007
29331,2008,Woody Wetlands,0.003
29331,2008,Developed/High Intensity,0.002
29331,2008,Alfalfa,0.002
29331,2008,Herbaceous Wetlands,0.001
29331,2008,Barren,0.0
29331,2008,Oats,0.0
29331,2008,Other Hay/Non Alfalfa,0.0
29331,2008,Carrots,0.0
29331,2008,Fallow/Idle Cropland,0.0
29331,2008,Sweet Corn,0.0
29331,2008,Evergreen Forest,0.0
29331,2008,Pop or Orn Corn,0.0
29331,2008,Peas,0.0
29331,2008,Barley,0.0
29331,2008,Clover/Wildflowers,0.0
29331,2008,Other Crops,0.0
29331,2008,Sod/Grass Seed,0.0
29331,2008,Millet,0.0
29331,2008,Winter Wheat,0.0
29331,2008,Shrubland,0.0
29331,2009,Corn,0.457
29331,2009,Soybeans,0.278
29331,2009,Developed/Open Space,0.033
29331,2009,Grass/Pasture,0.021
29331,2009,Developed/Low Intensity,0.018
29331,2009,Open Water,0.012
29331,2009,Deciduous Forest,0.011
29331,2009,Developed/Med Intensity,0.006
29331,2009,Woody Wetlands,0.003
29331,2009,Developed/High Intensity,0.003
29331,2009,Alfalfa,0.001
29331,2009,Herbaceous Wetlands,0.001
29331,2009,Barren,0.0
29331,2009,Oats,0.0
29331,2009,Other Hay/Non Alfalfa,0.0
29331,2009,Peas,0.0
29331,2009,Evergreen Forest,0.0
29331,2009,Sweet Corn,0.0
29331,2009,Fallow/Idle Cropland,0.0
29331,2009,Triticale,0.0
29331,2009,Sod/Grass Seed,0.0
29331,2009,Shrubland,0.0
29331,2010,Corn,0.458
29331,2010,Soybeans,0.275
29331,2010,Grass/Pasture,0.067
29331,2010,Developed/Low Intensity,0.014
29331,2010,Developed/Open Space,0.013
29331,2010,Deciduous Forest,0.007
29331,2010,Developed/Med Intensity,0.005
29331,2010,Open Water,0.005
29331,2010,Developed/High Intensity,0.002
29331,2010,Woody Wetlands,0.002
29331,2010,Alfalfa,0.002
29331,2010,Other Hay/Non Alfalfa,0.0
29331,2010,Herbaceous Wetlands,0.0
29331,2010,Barren,0.0
29331,2010,Oats,0.0
29331,2010,Wetlands,0.0
29331,2010,Forest,0.0
29331,2010,Fallow/Idle Cropland,0.0
29331,2010,Evergreen Forest,0.0
29331,2010,Peas,0.0
29331,2010,Switchgrass,0.0
29331,2010,Dbl Crop Corn/Soybeans,0.0
29331,2010,Sorghum,0.0
29331,2010,Winter Wheat,0.0
29331,2010,Sod/Grass Seed,0.0
29331,2010,Mixed Forest,0.0
29331,2010,Sweet Corn,0.0
29331,2010,Other Crops,0.0
29331,2010,Shrubland,0.0
29331,2011,Corn,0.475
29331,2011,Soybeans,0.249
29331,2011,Developed/Open Space,0.026
29331,2011,Grass/Pasture,0.022
29331,2011,Developed/Low Intensity,0.016
29331,2011,Open Water,0.008
29331,2011,Deciduous Forest,0.007
29331,2011,Developed/Med Intensity,0.005
29331,2011,Alfalfa,0.003
29331,2011,Developed/High Intensity,0.002
29331,2011,Woody Wetlands,0.002
29331,2011,Herbaceous Wetlands,0.001
29331,2011,Barren,0.0
29331,2011,Oats,0.0
29331,2011,Other Hay/Non Alfalfa,0.0
29331,2011,Sod/Grass Seed,0.0
29331,2011,Winter Wheat,0.0
29331,2011,Sweet Corn,0.0
29331,2011,Rye,0.0
29331,2011,Evergreen Forest,0.0
29331,2011,Clover/Wildflowers,0.0
29331,2011,Fallow/Idle Cropland,0.0
29331,2011,Dbl Crop WinWht/Soybeans,0.0
29331,2011,Shrubland,0.0
29331,2012,Corn,0.459
29331,2012,Soybeans,0.246
29331,2012,Developed/Open Space,0.03
29331,2012,Grass/Pasture,0.025
29331,2012,Developed/Low Intensity,0.016
29331,2012,Open Water,0.01
29331,2012,Deciduous Forest,0.009
29331,2012,Developed/Med Intensity,0.006
29331,2012,Woody Wetlands,0.003
29331,2012,Developed/High Intensity,0.002
29331,2012,Herbaceous Wetlands,0.002
29331,2012,Alfalfa,0.001
29331,2012,Barren,0.001
29331,2012,Oats,0.0
29331,2012,Other Hay/Non Alfalfa,0.0
29331,2012,Peas,0.0
29331,2012,Sweet Corn,0.0
29331,2012,Other Crops,0.0
29331,2012,Winter Wheat,0.0
29331,2012,Evergreen Forest,0.0
29331,2012,Mixed Forest,0.0
29331,2012,Sunflower,0.0
29331,2012,Spring Wheat,0.0
29331,2012,Camelina,0.0
29331,2012,Apples,0.0
29331,2012,Fallow/Idle Cropland,0.0
29331,2012,Shrubland,0.0
29331,2013,Corn,0.398
29331,2013,Soybeans,0.277
29331,2013,Developed/Open Space,0.044
29331,2013,Grass/Pasture,0.035
29331,2013,Developed/Low Intensity,0.016
29331,2013,Deciduous Forest,0.012
29331,2013,Open Water,0.012
29331,2013,Developed/Med Intensity,0.006
29331,2013,Woody Wetlands,0.004
29331,2013,Developed/High Intensity,0.002
29331,2013,Herbaceous Wetlands,0.002
29331,2013,Alfalfa,0.002
29331,2013,Barren,0.001
29331,2013,Oats,0.0
29331,2013,Other Crops,0.0
29331,2013,Other Hay/Non Alfalfa,0.0
29331,2013,Evergreen Forest,0.0
29331,2013,Sweet Corn,0.0
29331,2013,Rye,0.0
29331,2013,Sorghum,0.0
29331,2013,Peas,0.0
29331,2013,Mixed Forest,0.0
29331,2014,Corn,0.472
29331,2014,Soybeans,0.246
29331,2014,Developed/Open Space,0.04
29331,2014,Grass/Pasture,0.031
29331,2014,Developed/Low Intensity,0.019
29331,2014,Open Water,0.013
29331,2014,Deciduous Forest,0.012
29331,2014,Developed/Med Intensity,0.007
29331,2014,Woody Wetlands,0.003
29331,2014,Developed/High Intensity,0.003
29331,2014,Alfalfa,0.002
29331,2014,Herbaceous Wetlands,0.002
29331,2014,Barren,0.001
29331,2014,Other Crops,0.0
29331,2014,Oats,0.0
29331,2014,Other Hay/Non Alfalfa,0.0
29331,2014,Sweet Corn,0.0
29331,2014,Evergreen Forest,0.0
29331,2014,Peas,0.0
29331,2014,Rye,0.0
29331,2014,Winter Wheat,0.0
29331,2014,Clover/Wildflowers,0.0
29331,2014,Sorghum,0.0
29331,2014,Durum Wheat,0.0
29331,2014,Shrubland,0.0
29331,2015,Corn,0.427
29331,2015,Soybeans,0.302
29331,2015,Grass/Pasture,0.081
29331,2015,Developed/Open Space,0.057
29331,2015,Developed/Low Intensity,0.019
29331,2015,Deciduous Forest,0.016
29331,2015,Open Water,0.016
29331,2015,Herbaceous Wetlands,0.011
29331,2015,Developed/Med Intensity,0.008
29331,2015,Woody Wetlands,0.005
29331,2015,Alfalfa,0.003
29331,2015,Developed/High Intensity,0.003
29331,2015,Barren,0.002
29331,2015,Oats,0.001
29331,2015,Sweet Corn,0.0
29331,2015,Dbl Crop WinWht/Soybeans,0.0
29331,2015,Fallow/Idle Cropland,0.0
29331,2015,Other Hay/Non Alfalfa,0.0
29331,2015,Peas,0.0
29331,2015,Rye,0.0
29331,2015,Sorghum,0.0
29331,2015,Mixed Forest,0.0
29331,2015,Evergreen Forest,0.0
29331,2015,Switchgrass,0.0
29331,2015,Sod/Grass Seed,0.0
29331,2015,Clover/Wildflowers,0.0
29331,2015,Other Crops,0.0
29331,2015,Winter Wheat,0.0
29331,2016,Corn,0.471
29331,2016,Soybeans,0.257
29331,2016,Grass/Pasture,0.083
29331,2016,Developed/Open Space,0.056
29331,2016,Developed/Low Intensity,0.019
29331,2016,Deciduous Forest,0.018
29331,2016,Open Water,0.015
29331,2016,Herbaceous Wetlands,0.009
29331,2016,Developed/Med Intensity,0.008
29331,2016,Alfalfa,0.004
29331,2016,Woody Wetlands,0.004
29331,2016,Developed/High Intensity,0.003
29331,2016,Barren,0.002
29331,2016,Oats,0.0
29331,2016,Other Hay/Non Alfalfa,0.0
29331,2016,Evergreen Forest,0.0
29331,2016,Fallow/Idle Cropland,0.0
29331,2016,Sweet Corn,0.0
29331,2016,Misc Vegs & Fruits,0.0
29331,2016,Rye,0.0
29331,2016,Peas,0.0
29331,2016,Shrubland,0.0
29331,2017,Corn,0.423
29331,2017,Soybeans,0.301
29331,2017,Grass/Pasture,0.063
29331,2017,Developed/Open Space,0.046
29331,2017,Developed/Low Intensity,0.019
29331,2017,Deciduous Forest,0.017
29331,2017,Open Water,0.015
29331,2017,Herbaceous Wetlands,0.009
29331,2017,Developed/Med Intensity,0.008
29331,2017,Woody Wetlands,0.005
29331,2017,Developed/High Intensity,0.003
29331,2017,Alfalfa,0.002
29331,2017,Barren,0.001
29331,2017,Oats,0.0
29331,2017,Fallow/Idle Cropland,0.0
29331,2017,Other Hay/Non Alfalfa,0.0
29331,2017,Rye,0.0
29331,2017,Millet,0.0
29331,2017,Winter Wheat,0.0
29331,2017,Evergreen Forest,0.0
29331,2017,Shrubland,0.0
29331,2018,Corn,0.422
29331,2018,Soybeans,0.304
29331,2018,Grass/Pasture,0.062
29331,2018,Developed/Open Space,0.046
29331,2018,Developed/Low Intensity,0.019
29331,2018,Deciduous Forest,0.016
29331,2018,Open Water,0.015
29331,2018,Herbaceous Wetlands,0.011
29331,2018,Developed/Med Intensity,0.007
29331,2018,Woody Wetlands,0.005
29331,2018,Developed/High Intensity,0.003
29331,2018,Alfalfa,0.002
29331,2018,Barren,0.002
29331,2018,Oats,0.001
29331,2018,Other Hay/Non Alfalfa,0.001
29331,2018,Fallow/Idle Cropland,0.0
29331,2018,Switchgrass,0.0
29331,2018,Evergreen Forest,0.0
29331,2018,Rye,0.0
29331,2018,Shrubland,0.0
29331,2018,Dry Beans,0.0
29331,2018,Sod/Grass Seed,0.0
29331,2018,Sorghum,0.0
29331,2018,Mixed Forest,0.0
29331,2018,Apples,0.0
29331,2018,Peas,0.0
29331,2018,Clover/Wildflowers,0.0
29331,2019,Corn,0.462
29331,2019,Soybeans,0.27
29331,2019,Grass/Pasture,0.059
29331,2019,Developed/Open Space,0.035
29331,2019,Developed/Low Intensity,0.024
29331,2019,Deciduous Forest,0.015
29331,2019,Herbaceous Wetlands,0.015
29331,2019,Open Water,0.015
29331,2019,Developed/Med Intensity,0.01
29331,2019,Woody Wetlands,0.004
29331,2019,Fallow/Idle Cropland,0.004
29331,2019,Developed/High Intensity,0.004
29331,2019,Alfalfa,0.003
29331,2019,Barren,0.002
29331,2019,Oats,0.001
29331,2019,Mixed Forest,0.001
29331,2019,Other Hay/Non Alfalfa,0.0
29331,2019,Evergreen Forest,0.0
29331,2019,Sweet Corn,0.0
29331,2019,Rye,0.0
29331,2019,Sod/Grass Seed,0.0
29331,2019,Shrubland,0.0
29331,2019,Dbl Crop WinWht/Soybeans,0.0
29331,2019,Millet,0.0
29331,2019,Other Crops,0.0
29331,2019,Winter Wheat,0.0
29331,2019,Pop or Orn Corn,0.0
29331,2019,Durum Wheat,0.0
29331,2019,Barley,0.0
29331,2019,Switchgrass,0.0
29331,2019,Clover/Wildflowers,0.0
29331,2020,Corn,0.474
29331,2020,Soybeans,0.264
29331,2020,Grass/Pasture,0.058
29331,2020,Developed/Open Space,0.035
29331,2020,Developed/Low Intensity,0.024
29331,2020,Deciduous Forest,0.015
29331,2020,Herbaceous Wetlands,0.015
29331,2020,Open Water,0.015
29331,2020,Developed/Med Intensity,0.01
29331,2020,Woody Wetlands,0.004
29331,2020,Developed/High Intensity,0.004
29331,2020,Alfalfa,0.003
29331,2020,Barren,0.002
29331,2020,Oats,0.001
29331,2020,Mixed Forest,0.001
29331,2020,Other Hay/Non Alfalfa,0.0
29331,2020,Evergreen Forest,0.0
29331,2020,Rye,0.0
29331,2020,Sod/Grass Seed,0.0
29331,2020,Triticale,0.0
29331,2020,Sweet Corn,0.0
29331,2020,Fallow/Idle Cropland,0.0
29331,2020,Sorghum,0.0
29331,2020,Shrubland,0.0
29331,2020,Clover/Wildflowers,0.0
29331,2020,Canola,0.0
29331,2020,Winter Wheat,0.0
29331,2020,Dbl Crop WinWht/Soybeans,0.0
29331,2021,Corn,0.427
29331,2021,Soybeans,0.302
29331,2021,Grass/Pasture,0.077
29331,2021,Developed/Low Intensity,0.031
29331,2021,Developed/Open Space,0.022
29331,2021,Developed/Med Intensity,0.017
29331,2021,Open Water,0.014
29331,2021,Herbaceous Wetlands,0.011
29331,2021,Deciduous Forest,0.01
29331,2021,Developed/High Intensity,0.006
29331,2021,Woody Wetlands,0.005
29331,2021,Barren,0.003
29331,2021,Alfalfa,0.002
29331,2021,Oats,0.001
29331,2021,Mixed Forest,0.0
29331,2021,Rye,0.0
29331,2021,Other Hay/Non Alfalfa,0.0
29331,2021,Sod/Grass Seed,0.0
29331,2021,Sweet Corn,0.0
29331,2021,Evergreen Forest,0.0
29331,2021,Shrubland,0.0
29331,2021,Sorghum,0.0
29331,2021,Winter Wheat,0.0
29331,2021,Dry Beans,0.0
29331,2021,Apples,0.0
29331,2021,Triticale,0.0
29331,2021,Barley,0.0
29331,2021,Spring Wheat,0.0
29331,2021,Dbl Crop Soybeans/Oats,0.0
29331,2021,Millet,0.0
29331,2021,Switchgrass,0.0
29331,2022,Corn,0.43
29331,2022,Soybeans,0.292
29331,2022,Grass/Pasture,0.078
29331,2022,Developed/Low Intensity,0.031
29331,2022,Developed/Open Space,0.022
29331,2022,Developed/Med Intensity,0.016
29331,2022,Open Water,0.014
29331,2022,Deciduous Forest,0.012
29331,2022,Herbaceous Wetlands,0.01
29331,2022,Developed/High Intensity,0.006
29331,2022,Woody Wetlands,0.004
29331,2022,Alfalfa,0.003
29331,2022,Barren,0.002
29331,2022,Oats,0.001
29331,2022,Mixed Forest,0.0
29331,2022,Other Hay/Non Alfalfa,0.0
29331,2022,Evergreen Forest,0.0
29331,2022,Sweet Corn,0.0
29331,2022,Rye,0.0
29331,2022,Winter Wheat,0.0
29331,2022,Clover/Wildflowers,0.0
29331,2022,Shrubland,0.0
29331,2022,Fallow/Idle Cropland,0.0
29331,2022,Switchgrass,0.0
29331,2022,Dbl Crop WinWht/Soybeans,0.0
29331,2023,Corn,0.436
29331,2023,Soybeans,0.283
29331,2023,Grass/Pasture,0.079
29331,2023,Developed/Low Intensity,0.031
29331,2023,Developed/Open Space,0.022
29331,2023,Developed/Med Intensity,0.017
29331,2023,Open Water,0.014
29331,2023,Deciduous Forest,0.012
29331,2023,Herbaceous Wetlands,0.01
29331,2023,Developed/High Intensity,0.006
29331,2023,Woody Wetlands,0.004
29331,2023,Alfalfa,0.003
29331,2023,Barren,0.002
29331,2023,Oats,0.001
29331,2023,Millet,0.0
29331,2023,Other Hay/Non Alfalfa,0.0
29331,2023,Rye,0.0
29331,2023,Mixed Forest,0.0
29331,2023,Peas,0.0
29331,2023,Sod/Grass Seed,0.0
29331,2023,Evergreen Forest,0.0
29331,2023,Barley,0.0
29331,2023,Sorghum,0.0
29331,2023,Winter Wheat,0.0
29331,2023,Shrubland,0.0
29331,2023,Spring Wheat,0.0
29331,2023,Clover/Wildflowers,0.0
29331,2023,Dbl Crop Soybeans/Oats,0.0
29331,2024,Corn,0.43
29331,2024,Soybeans,0.295
29331,2024,Grass/Pasture,0.083
29331,2024,Developed/Low Intensity,0.033
29331,2024,Developed/Open Space,0.021
29331,2024,Open Water,0.015
29331,2024,Deciduous Forest,0.012
29331,2024,Developed/Med Intensity,0.011
29331,2024,Herbaceous Wetlands,0.006
29331,2024,Woody Wetlands,0.005
29331,2024,Developed/High Intensity,0.005
29331,2024,Alfalfa,0.003
29331,2024,Barren,0.001
29331,2024,Evergreen Forest,0.001
29331,2024,Oats,0.001
29331,2024,Fallow/Idle Cropland,0.0
29331,2024,Mixed Forest,0.0
29331,2024,Rye,0.0
29331,2024,Christmas Trees,0.0
29331,2024,Clover/Wildflowers,0.0
29331,2024,Sweet Corn,0.0
29331,2024,Winter Wheat,0.0
29331,2024,Barley,0.0
29331,2024,Other Hay/Non Alfalfa,0.0
29331,2024,Triticale,0.0
29331,2024,Sorghum,0.0
29331,2024,Pumpkins,0.0
29331,2024,Millet,0.0
29331,2024,Sod/Grass Seed,0.0
29331,2024,Dbl Crop Soybeans/Oats,0.0
29331,2024,Apples,0.0
29331,2024,Other Crops,0.0
29331,2024,Switchgrass,0.0
29331,2024,Shrubland,0.0
