# All results are based on NASS CropScape dominant crops
Field-ID or HRU-ID, NASS CropScape Year, Dominant Vegetation or Crop, Confidence-Value(fraction) , Secondary Crop, Secondary Crop Confidence-Value(fraction), Irrigated, Irrigated Area %
29331,2008,Corn,0.464,Soybeans,0.263
29331,2009,Corn,0.457,Soybeans,0.278
29331,2010,Corn,0.458,Soybeans,0.275
29331,2011,Corn,0.475,Soybeans,0.249
29331,2012,Corn,0.459,Soybeans,0.246
29331,2013,Corn,0.398,Soybeans,0.277
29331,2014,Corn,0.472,Soybeans,0.246
29331,2015,Corn,0.427,Soybeans,0.302
29331,2016,Corn,0.471,Soybeans,0.257
29331,2017,Corn,0.423,Soybeans,0.301,No,0.0
29331,2018,Corn,0.422,Soybeans,0.304
29331,2019,Corn,0.462,Soybeans,0.27
29331,2020,Corn,0.474,Soybeans,0.264
29331,2021,Corn,0.427,Soybeans,0.302
29331,2022,Corn,0.43,Soybeans,0.292
29331,2023,Corn,0.436,Soybeans,0.283
29331,2024,Corn,0.43,Soybeans,0.295
